   0	1.000000000	-4.000000000	5.000000000
   1	0.854000000	-3.224800000	5.000000000
   2	0.790400000	-2.949400000	5.000000000
   3	0.722350000	-2.742000000	5.000000000
   4	0.672800000	-2.620400000	5.000000000
   5	0.618800000	-2.530000000	5.000000000
   6	0.576550000	-2.444800000	5.000000000
   7	0.533000000	-2.402000000	5.000000000
   8	0.515250000	-2.414000000	5.000000000
   9	0.478100000	-2.367000000	5.000000000
  10	0.469750000	-2.362600000	5.000000000
  11	0.455550000	-2.370200000	5.000000000
  12	0.434750000	-2.314800000	5.000000000
  13	0.409550000	-2.295400000	5.000000000
  14	0.384750000	-2.293200000	5.000000000
  15	0.367650000	-2.250600000	5.000000000
  16	0.348300000	-2.254600000	5.000000000
  17	0.336950000	-2.271600000	5.000000000
  18	0.330150000	-2.279600000	5.000000000
  19	0.328500000	-2.267800000	5.000000000
  20	0.321150000	-2.261000000	5.000000000
  21	0.301600000	-2.317000000	5.000000000
  22	0.292250000	-2.283600000	5.000000000
  23	0.295700000	-2.253000000	5.000000000
  24	0.284400000	-2.280600000	5.000000000
  25	0.263000000	-2.234800000	5.000000000
  26	0.254150000	-2.232200000	5.000000000
  27	0.230400000	-2.191000000	5.000000000
  28	0.220900000	-2.200800000	5.000000000
  29	0.219050000	-2.238200000	5.000000000
  30	0.206200000	-2.222800000	5.000000000
  31	0.190400000	-2.224400000	5.000000000
  32	0.181450000	-2.212200000	5.000000000
  33	0.186150000	-2.193600000	5.000000000
  34	0.177650000	-2.233600000	5.000000000
  35	0.164400000	-2.198000000	5.000000000
  36	0.143650000	-2.208800000	5.000000000
  37	0.126100000	-2.243200000	5.000000000
  38	0.126500000	-2.264000000	5.000000000
  39	0.130700000	-2.253800000	5.000000000
  40	0.113150000	-2.247600000	5.000000000
  41	0.101250000	-2.243000000	5.000000000
  42	0.100900000	-2.229800000	5.000000000
  43	0.094300000	-2.248800000	5.000000000
  44	0.102000000	-2.244800000	5.000000000
  45	0.108050000	-2.214600000	5.000000000
  46	0.096600000	-2.205200000	5.000000000
  47	0.086800000	-2.199000000	5.000000000
  48	0.093400000	-2.205400000	5.000000000
  49	0.100800000	-2.253400000	5.000000000
  50	0.102800000	-2.210000000	5.000000000
  51	0.098550000	-2.234200000	5.000000000
  52	0.091950000	-2.222800000	5.000000000
  53	0.076800000	-2.205200000	5.000000000
  54	0.076700000	-2.248800000	5.000000000
  55	0.079750000	-2.221200000	5.000000000
  56	0.082000000	-2.181600000	5.000000000
  57	0.052900000	-2.181600000	5.000000000
  58	0.039550000	-2.214000000	5.000000000
  59	0.033050000	-2.212000000	5.000000000
  60	0.032700000	-2.189200000	5.000000000
  61	0.020950000	-2.244400000	5.000000000
  62	0.019200000	-2.213600000	5.000000000
  63	0.010250000	-2.205800000	5.000000000
  64	0.002750000	-2.194400000	5.000000000
  65	-0.000200000	-2.173000000	5.000000000
  66	-0.012250000	-2.193000000	5.000000000
  67	-0.004750000	-2.173000000	5.000000000
  68	0.002950000	-2.177200000	5.000000000
  69	0.000550000	-2.216800000	5.000000000
  70	0.028500000	-2.194400000	5.000000000
  71	0.019900000	-2.223000000	5.000000000
  72	0.007000000	-2.186200000	5.000000000
  73	0.006800000	-2.203600000	5.000000000
  74	0.001100000	-2.200600000	5.000000000
  75	-0.005350000	-2.244400000	5.000000000
  76	-0.004650000	-2.216000000	5.000000000
  77	-0.013550000	-2.182800000	5.000000000
  78	-0.008250000	-2.203000000	5.000000000
  79	-0.018950000	-2.183600000	5.000000000
  80	-0.021900000	-2.176600000	5.000000000
  81	-0.010100000	-2.220600000	5.000000000
  82	0.001450000	-2.201600000	5.000000000
  83	0.000100000	-2.224000000	5.000000000
  84	-0.011050000	-2.227600000	5.000000000
  85	0.001700000	-2.182200000	5.000000000
  86	0.026200000	-2.212200000	5.000000000
  87	0.031950000	-2.190000000	5.000000000
  88	0.049000000	-2.210600000	5.000000000
  89	0.042400000	-2.212600000	5.000000000
  90	0.030050000	-2.221800000	5.000000000
  91	0.036850000	-2.202800000	5.000000000
  92	0.037850000	-2.184000000	5.000000000
  93	0.040900000	-2.166800000	5.000000000
  94	0.038000000	-2.202600000	5.000000000
  95	0.044950000	-2.189400000	5.000000000
  96	0.052000000	-2.194000000	5.000000000
  97	0.055000000	-2.199200000	5.000000000
  98	0.045600000	-2.185600000	5.000000000
  99	0.040000000	-2.194400000	5.000000000
 100	0.024650000	-2.240200000	5.000000000
 101	0.030100000	-2.218000000	5.000000000
 102	0.036950000	-2.222000000	5.000000000
 103	0.028850000	-2.208800000	5.000000000
 104	0.027350000	-2.204400000	5.000000000
 105	0.027650000	-2.208600000	5.000000000
 106	0.040800000	-2.206000000	5.000000000
 107	0.042200000	-2.200400000	5.000000000
 108	0.027400000	-2.211800000	5.000000000
 109	0.018700000	-2.231600000	5.000000000
 110	0.025950000	-2.227600000	5.000000000
 111	0.035000000	-2.202600000	5.000000000
 112	0.032850000	-2.274200000	5.000000000
 113	0.032100000	-2.264000000	5.000000000
 114	0.017150000	-2.261800000	5.000000000
 115	0.025050000	-2.262000000	5.000000000
 116	0.020700000	-2.259200000	5.000000000
 117	0.018250000	-2.246200000	5.000000000
 118	0.017850000	-2.262800000	5.000000000
 119	0.021700000	-2.280400000	5.000000000
 120	0.024800000	-2.273200000	5.000000000
 121	0.038500000	-2.273000000	5.000000000
 122	0.034650000	-2.222800000	5.000000000
 123	0.046450000	-2.221200000	5.000000000
 124	0.043550000	-2.209400000	5.000000000
 125	0.039550000	-2.215600000	5.000000000
 126	0.047850000	-2.219000000	5.000000000
 127	0.045050000	-2.209200000	5.000000000
 128	0.040950000	-2.225800000	5.000000000
 129	0.023750000	-2.253000000	5.000000000
 130	0.024350000	-2.225800000	5.000000000
 131	0.015000000	-2.196200000	5.000000000
 132	0.031750000	-2.187200000	5.000000000
 133	0.020550000	-2.210000000	5.000000000
 134	-0.009050000	-2.205000000	5.000000000
 135	-0.009950000	-2.199200000	5.000000000
 136	-0.024750000	-2.189200000	5.000000000
 137	-0.035000000	-2.178200000	5.000000000
 138	-0.049800000	-2.204000000	5.000000000
 139	-0.049650000	-2.204200000	5.000000000
 140	-0.054050000	-2.221800000	5.000000000
 141	-0.067600000	-2.217600000	5.000000000
 142	-0.081450000	-2.239000000	5.000000000
 143	-0.071750000	-2.219800000	5.000000000
 144	-0.084500000	-2.250600000	5.000000000
 145	-0.085800000	-2.259800000	5.000000000
 146	-0.075550000	-2.198200000	5.000000000
 147	-0.073150000	-2.244200000	5.000000000
 148	-0.063900000	-2.237400000	5.000000000
 149	-0.061150000	-2.223200000	5.000000000
 150	-0.074050000	-2.195400000	5.000000000
 151	-0.078600000	-2.189800000	5.000000000
 152	-0.078650000	-2.202000000	5.000000000
 153	-0.081650000	-2.170400000	5.000000000
 154	-0.072900000	-2.183600000	5.000000000
 155	-0.079750000	-2.224000000	5.000000000
 156	-0.076550000	-2.256800000	5.000000000
 157	-0.097050000	-2.255800000	5.000000000
 158	-0.093200000	-2.264000000	5.000000000
 159	-0.098850000	-2.233200000	5.000000000
 160	-0.098900000	-2.222000000	5.000000000
 161	-0.096200000	-2.224400000	5.000000000
 162	-0.082500000	-2.233600000	5.000000000
 163	-0.076300000	-2.224800000	5.000000000
 164	-0.086900000	-2.229000000	5.000000000
 165	-0.098850000	-2.218000000	5.000000000
 166	-0.096150000	-2.225000000	5.000000000
 167	-0.094200000	-2.245000000	5.000000000
 168	-0.095150000	-2.245800000	5.000000000
 169	-0.107950000	-2.241000000	5.000000000
 170	-0.096300000	-2.232600000	5.000000000
 171	-0.070650000	-2.241600000	5.000000000
 172	-0.047150000	-2.202800000	5.000000000
 173	-0.044500000	-2.221800000	5.000000000
 174	-0.040200000	-2.210400000	5.000000000
 175	-0.050400000	-2.233200000	5.000000000
 176	-0.022150000	-2.263800000	5.000000000
 177	-0.003800000	-2.248200000	5.000000000
 178	-0.013800000	-2.229800000	5.000000000
 179	-0.013300000	-2.232000000	5.000000000
 180	-0.030100000	-2.226400000	5.000000000
 181	-0.040250000	-2.203000000	5.000000000
 182	-0.038400000	-2.220800000	5.000000000
 183	-0.044300000	-2.237400000	5.000000000
 184	-0.041950000	-2.210400000	5.000000000
 185	-0.057800000	-2.226200000	5.000000000
 186	-0.049750000	-2.241800000	5.000000000
 187	-0.044350000	-2.237200000	5.000000000
 188	-0.054550000	-2.191400000	5.000000000
 189	-0.065750000	-2.208800000	5.000000000
 190	-0.062900000	-2.219000000	5.000000000
 191	-0.056700000	-2.264800000	5.000000000
 192	-0.068650000	-2.232400000	5.000000000
 193	-0.072850000	-2.232800000	5.000000000
 194	-0.069600000	-2.278600000	5.000000000
 195	-0.059000000	-2.263400000	5.000000000
 196	-0.066650000	-2.273800000	5.000000000
 197	-0.073650000	-2.246600000	5.000000000
 198	-0.053300000	-2.254800000	5.000000000
 199	-0.058600000	-2.235400000	5.000000000
 200	-0.052650000	-2.227800000	5.000000000
 201	-0.046150000	-2.193800000	5.000000000
 202	-0.033000000	-2.228600000	5.000000000
 203	-0.032050000	-2.212400000	5.000000000
 204	-0.013600000	-2.208800000	5.000000000
 205	-0.014100000	-2.172200000	5.000000000
 206	-0.002300000	-2.214800000	5.000000000
 207	0.001050000	-2.196800000	5.000000000
 208	-0.005050000	-2.225600000	5.000000000
 209	-0.001350000	-2.237000000	5.000000000
 210	0.003000000	-2.252800000	5.000000000
 211	0.000500000	-2.242600000	5.000000000
 212	0.003800000	-2.255800000	5.000000000
 213	0.001350000	-2.208200000	5.000000000
 214	-0.000800000	-2.251800000	5.000000000
 215	0.005950000	-2.242800000	5.000000000
 216	0.017700000	-2.272800000	5.000000000
 217	0.039450000	-2.255200000	5.000000000
 218	0.060900000	-2.270800000	5.000000000
 219	0.060650000	-2.260200000	5.000000000
 220	0.048700000	-2.251600000	5.000000000
 221	0.043500000	-2.190800000	5.000000000
 222	0.038600000	-2.215600000	5.000000000
 223	0.032050000	-2.231600000	5.000000000
 224	0.060050000	-2.213600000	5.000000000
 225	0.078150000	-2.228000000	5.000000000
 226	0.064000000	-2.205800000	5.000000000
 227	0.058350000	-2.205000000	5.000000000
 228	0.054100000	-2.219200000	5.000000000
 229	0.057750000	-2.204400000	5.000000000
 230	0.049300000	-2.181000000	5.000000000
 231	0.034700000	-2.207800000	5.000000000
 232	0.042700000	-2.217400000	5.000000000
 233	0.057000000	-2.238000000	5.000000000
 234	0.063450000	-2.221200000	5.000000000
 235	0.050200000	-2.223400000	5.000000000
 236	0.066050000	-2.225800000	5.000000000
 237	0.069150000	-2.222200000	5.000000000
 238	0.085000000	-2.231800000	5.000000000
 239	0.082450000	-2.270200000	5.000000000
 240	0.101800000	-2.264000000	5.000000000
 241	0.107200000	-2.254200000	5.000000000
 242	0.099550000	-2.238000000	5.000000000
 243	0.097100000	-2.211200000	5.000000000
 244	0.085500000	-2.215600000	5.000000000
 245	0.086300000	-2.215600000	5.000000000
 246	0.083550000	-2.213600000	5.000000000
 247	0.066600000	-2.176200000	5.000000000
 248	0.057150000	-2.206400000	5.000000000
 249	0.033250000	-2.178600000	5.000000000
 250	0.029700000	-2.186400000	5.000000000
 251	0.038250000	-2.176800000	5.000000000
 252	0.042200000	-2.153800000	5.000000000
 253	0.054200000	-2.202000000	5.000000000
 254	0.050100000	-2.232400000	5.000000000
 255	0.049850000	-2.261800000	5.000000000
 256	0.030450000	-2.202200000	5.000000000
 257	0.035800000	-2.190200000	5.000000000
 258	0.024250000	-2.224400000	5.000000000
 259	0.024150000	-2.217000000	5.000000000
 260	0.017250000	-2.246400000	5.000000000
 261	0.015900000	-2.226600000	5.000000000
 262	0.018400000	-2.177000000	5.000000000
 263	0.020650000	-2.212400000	5.000000000
 264	0.009450000	-2.203800000	5.000000000
 265	0.021450000	-2.207600000	5.000000000
 266	0.033450000	-2.185000000	5.000000000
 267	0.057050000	-2.186000000	5.000000000
 268	0.054750000	-2.205600000	5.000000000
 269	0.049900000	-2.190400000	5.000000000
 270	0.043550000	-2.220400000	5.000000000
 271	0.039150000	-2.219800000	5.000000000
 272	0.034600000	-2.200600000	5.000000000
 273	0.035650000	-2.215400000	5.000000000
 274	0.029450000	-2.189600000	5.000000000
 275	0.020300000	-2.187600000	5.000000000
 276	0.032250000	-2.172800000	5.000000000
 277	0.022700000	-2.173400000	5.000000000
 278	0.023000000	-2.174000000	5.000000000
 279	0.015250000	-2.199000000	5.000000000
 280	0.019100000	-2.201200000	5.000000000
 281	0.023600000	-2.226800000	5.000000000
 282	0.037150000	-2.228600000	5.000000000
 283	0.048100000	-2.204000000	5.000000000
 284	0.033750000	-2.178600000	5.000000000
 285	0.030650000	-2.187200000	5.000000000
 286	0.019550000	-2.185400000	5.000000000
 287	0.015250000	-2.181200000	5.000000000
 288	0.015350000	-2.227800000	5.000000000
 289	0.022150000	-2.199000000	5.000000000
 290	0.023150000	-2.164800000	5.000000000
 291	0.026300000	-2.174800000	5.000000000
 292	0.038000000	-2.200800000	5.000000000
 293	0.072100000	-2.186600000	5.000000000
 294	0.087100000	-2.233000000	5.000000000
 295	0.077050000	-2.233600000	5.000000000
 296	0.069300000	-2.217600000	5.000000000
 297	0.075850000	-2.180200000	5.000000000
 298	0.082250000	-2.193400000	5.000000000
 299	0.093800000	-2.214000000	5.000000000
 300	0.101900000	-2.193600000	5.000000000
 301	0.076950000	-2.218600000	5.000000000
 302	0.077450000	-2.217200000	5.000000000
 303	0.050000000	-2.167200000	5.000000000
 304	0.045450000	-2.177200000	5.000000000
 305	0.050150000	-2.222600000	5.000000000
 306	0.065800000	-2.204000000	5.000000000
 307	0.057900000	-2.195200000	5.000000000
 308	0.053600000	-2.176400000	5.000000000
 309	0.050100000	-2.220000000	5.000000000
 310	0.064500000	-2.207400000	5.000000000
 311	0.060800000	-2.229600000	5.000000000
 312	0.044050000	-2.224000000	5.000000000
 313	0.030600000	-2.222000000	5.000000000
 314	0.028100000	-2.239000000	5.000000000
 315	0.013850000	-2.235000000	5.000000000
 316	0.007200000	-2.242600000	5.000000000
 317	0.016600000	-2.251800000	5.000000000
 318	0.026200000	-2.244400000	5.000000000
 319	0.021600000	-2.263400000	5.000000000
 320	0.021700000	-2.258000000	5.000000000
 321	0.014400000	-2.186400000	5.000000000
 322	0.027500000	-2.184600000	5.000000000
 323	0.002400000	-2.184600000	5.000000000
 324	0.007350000	-2.200200000	5.000000000
 325	0.006850000	-2.199400000	5.000000000
 326	0.014250000	-2.173000000	5.000000000
 327	0.009150000	-2.177800000	5.000000000
 328	0.007150000	-2.210000000	5.000000000
 329	0.020000000	-2.168600000	5.000000000
 330	0.036000000	-2.189000000	5.000000000
 331	0.013800000	-2.216000000	5.000000000
 332	0.011850000	-2.220200000	5.000000000
 333	0.007200000	-2.203000000	5.000000000
 334	-0.001350000	-2.208800000	5.000000000
 335	0.000300000	-2.176200000	5.000000000
 336	0.013750000	-2.151200000	5.000000000
 337	0.016750000	-2.202400000	5.000000000
 338	-0.003800000	-2.187400000	5.000000000
 339	-0.022150000	-2.187200000	5.000000000
 340	-0.022350000	-2.202600000	5.000000000
 341	-0.027800000	-2.229600000	5.000000000
 342	-0.028800000	-2.202600000	5.000000000
 343	-0.030700000	-2.204400000	5.000000000
 344	-0.027200000	-2.209000000	5.000000000
 345	-0.022350000	-2.213600000	5.000000000
 346	-0.016800000	-2.237400000	5.000000000
 347	-0.004300000	-2.228200000	5.000000000
 348	-0.020200000	-2.220600000	5.000000000
 349	-0.027150000	-2.220600000	5.000000000
 350	-0.025900000	-2.186200000	5.000000000
 351	-0.026500000	-2.226600000	5.000000000
 352	-0.021700000	-2.219600000	5.000000000
 353	-0.007350000	-2.198800000	5.000000000
 354	-0.020600000	-2.228000000	5.000000000
 355	-0.021600000	-2.187600000	5.000000000
 356	-0.018700000	-2.231400000	5.000000000
 357	-0.016300000	-2.247200000	5.000000000
 358	-0.022450000	-2.262400000	5.000000000
 359	-0.022150000	-2.250000000	5.000000000
 360	-0.034550000	-2.245600000	5.000000000
 361	-0.038250000	-2.295200000	5.000000000
 362	-0.033250000	-2.248600000	5.000000000
 363	-0.023800000	-2.231200000	5.000000000
 364	-0.021850000	-2.212800000	5.000000000
 365	-0.013500000	-2.198800000	5.000000000
 366	-0.004800000	-2.221000000	5.000000000
 367	-0.015000000	-2.212400000	5.000000000
 368	-0.028300000	-2.218200000	5.000000000
 369	-0.041400000	-2.241600000	5.000000000
 370	-0.033700000	-2.204000000	5.000000000
 371	-0.017550000	-2.206200000	5.000000000
 372	0.004100000	-2.187000000	5.000000000
 373	-0.004050000	-2.215600000	5.000000000
 374	-0.008350000	-2.239400000	5.000000000
 375	0.004150000	-2.238800000	5.000000000
 376	-0.028750000	-2.240600000	5.000000000
 377	-0.030600000	-2.232000000	5.000000000
 378	-0.001700000	-2.190000000	5.000000000
 379	-0.003100000	-2.194000000	5.000000000
 380	-0.006300000	-2.233800000	5.000000000
 381	0.010650000	-2.223200000	5.000000000
 382	0.022850000	-2.210800000	5.000000000
 383	0.025000000	-2.208400000	5.000000000
 384	0.034000000	-2.214500000	5.000000000
 385	0.040250000	-2.226100000	5.000000000
 386	0.029200000	-2.225700000	5.000000000
 387	0.051250000	-2.244100000	5.000000000
 388	0.048400000	-2.268100000	5.000000000
 389	0.057500000	-2.259100000	5.000000000
 390	0.044700000	-2.222100000	5.000000000
 391	0.027100000	-2.211700000	5.000000000
 392	0.019050000	-2.228100000	5.000000000
 393	0.017750000	-2.205500000	5.000000000
 394	0.009550000	-2.246300000	5.000000000
 395	-0.010100000	-2.253700000	5.000000000
 396	-0.017650000	-2.241300000	5.000000000
 397	-0.035900000	-2.229300000	5.000000000
 398	-0.040100000	-2.209500000	5.000000000
 399	-0.055700000	-2.201900000	5.000000000
 400	-0.058350000	-2.186500000	5.000000000
 401	-0.067750000	-2.190500000	5.000000000
 402	-0.055500000	-2.213700000	5.000000000
 403	-0.051150000	-2.235900000	5.000000000
 404	-0.046400000	-2.227300000	5.000000000
 405	-0.042350000	-2.201900000	5.000000000
 406	-0.050650000	-2.184300000	5.000000000
 407	-0.075400000	-2.226900000	5.000000000
 408	-0.052850000	-2.223300000	5.000000000
 409	-0.053100000	-2.195500000	5.000000000
 410	-0.054850000	-2.153500000	5.000000000
 411	-0.050450000	-2.150100000	5.000000000
 412	-0.042150000	-2.167100000	5.000000000
 413	-0.053650000	-2.200700000	5.000000000
 414	-0.055800000	-2.228300000	5.000000000
 415	-0.059550000	-2.219900000	5.000000000
 416	-0.059850000	-2.190900000	5.000000000
 417	-0.041700000	-2.166900000	5.000000000
 418	-0.056400000	-2.213900000	5.000000000
 419	-0.073200000	-2.200100000	5.000000000
 420	-0.075050000	-2.224700000	5.000000000
 421	-0.076800000	-2.241100000	5.000000000
 422	-0.080650000	-2.232900000	5.000000000
 423	-0.062900000	-2.247100000	5.000000000
 424	-0.044000000	-2.216300000	5.000000000
 425	-0.014950000	-2.213700000	5.000000000
 426	-0.021750000	-2.214900000	5.000000000
 427	-0.016350000	-2.221500000	5.000000000
 428	-0.024950000	-2.202100000	5.000000000
 429	-0.026450000	-2.180300000	5.000000000
 430	-0.009750000	-2.167700000	5.000000000
 431	-0.007700000	-2.160700000	5.000000000
 432	-0.003450000	-2.200700000	5.000000000
 433	-0.008600000	-2.236900000	5.000000000
 434	0.016550000	-2.252900000	5.000000000
 435	0.024650000	-2.205100000	5.000000000
 436	0.028900000	-2.194100000	5.000000000
 437	0.046200000	-2.249900000	5.000000000
 438	0.060850000	-2.242500000	5.000000000
 439	0.061550000	-2.240700000	5.000000000
 440	0.067850000	-2.245100000	5.000000000
 441	0.058800000	-2.224100000	5.000000000
 442	0.064050000	-2.242300000	5.000000000
 443	0.035750000	-2.248300000	5.000000000
 444	0.026350000	-2.236900000	5.000000000
 445	0.046750000	-2.245700000	5.000000000
 446	0.049800000	-2.238100000	5.000000000
 447	0.034800000	-2.246900000	5.000000000
 448	0.049300000	-2.271700000	5.000000000
 449	0.061100000	-2.247100000	5.000000000
 450	0.042200000	-2.233900000	5.000000000
 451	0.044100000	-2.242700000	5.000000000
 452	0.029900000	-2.218500000	5.000000000
 453	0.023900000	-2.269300000	5.000000000
 454	0.037000000	-2.219300000	5.000000000
 455	0.048650000	-2.216900000	5.000000000
 456	0.043100000	-2.234500000	5.000000000
 457	0.053250000	-2.242500000	5.000000000
 458	0.052650000	-2.200700000	5.000000000
 459	0.056450000	-2.186500000	5.000000000
 460	0.076800000	-2.225500000	5.000000000
 461	0.074700000	-2.219100000	5.000000000
 462	0.089300000	-2.211100000	5.000000000
 463	0.094500000	-2.228500000	5.000000000
 464	0.084250000	-2.205100000	5.000000000
 465	0.085150000	-2.250300000	5.000000000
 466	0.092350000	-2.260700000	5.000000000
 467	0.074650000	-2.255500000	5.000000000
 468	0.078600000	-2.218700000	5.000000000
 469	0.068850000	-2.236100000	5.000000000
 470	0.066600000	-2.258900000	5.000000000
 471	0.067050000	-2.258100000	5.000000000
 472	0.059200000	-2.272300000	5.000000000
 473	0.063800000	-2.277500000	5.000000000
 474	0.066950000	-2.255500000	5.000000000
 475	0.068950000	-2.247100000	5.000000000
 476	0.064600000	-2.267500000	5.000000000
 477	0.074050000	-2.268900000	5.000000000
 478	0.060550000	-2.267900000	5.000000000
 479	0.070650000	-2.224300000	5.000000000
 480	0.057550000	-2.226700000	5.000000000
 481	0.036050000	-2.218300000	5.000000000
 482	0.032600000	-2.216500000	5.000000000
 483	0.051400000	-2.223300000	5.000000000
 484	0.053900000	-2.206900000	5.000000000
 485	0.054750000	-2.195500000	5.000000000
 486	0.058250000	-2.218500000	5.000000000
 487	0.065100000	-2.196700000	5.000000000
 488	0.053600000	-2.237500000	5.000000000
 489	0.058950000	-2.231900000	5.000000000
 490	0.063000000	-2.195900000	5.000000000
 491	0.049050000	-2.210900000	5.000000000
 492	0.036550000	-2.207100000	5.000000000
 493	0.024300000	-2.230900000	5.000000000
 494	0.013800000	-2.210500000	5.000000000
 495	0.011800000	-2.231700000	5.000000000
 496	-0.005200000	-2.210100000	5.000000000
 497	0.002950000	-2.216500000	5.000000000
 498	0.002900000	-2.203500000	5.000000000
 499	0.015200000	-2.170100000	5.000000000
 500	0.006250000	-2.174900000	5.000000000
 501	0.001400000	-2.182500000	5.000000000
 502	-0.000200000	-2.216500000	5.000000000
 503	0.009500000	-2.231900000	5.000000000
 504	-0.023150000	-2.242500000	5.000000000
 505	-0.031200000	-2.216700000	5.000000000
 506	-0.048100000	-2.202500000	5.000000000
 507	-0.042300000	-2.201300000	5.000000000
 508	-0.038900000	-2.192300000	5.000000000
 509	-0.038050000	-2.164100000	5.000000000
 510	-0.026850000	-2.206300000	5.000000000
 511	-0.017400000	-2.203100000	5.000000000
 512	0.005750000	-2.193500000	5.000000000
 513	0.007450000	-2.191900000	5.000000000
 514	0.015450000	-2.185700000	5.000000000
 515	-0.001600000	-2.217900000	5.000000000
 516	0.009850000	-2.231700000	5.000000000
 517	0.027900000	-2.216500000	5.000000000
 518	0.039050000	-2.185100000	5.000000000
 519	0.043300000	-2.213500000	5.000000000
 520	0.042300000	-2.213100000	5.000000000
 521	0.048200000	-2.212500000	5.000000000
 522	0.052400000	-2.200500000	5.000000000
 523	0.051400000	-2.184100000	5.000000000
 524	0.065250000	-2.212700000	5.000000000
 525	0.063500000	-2.202100000	5.000000000
 526	0.089150000	-2.243100000	5.000000000
 527	0.094050000	-2.197500000	5.000000000
 528	0.094450000	-2.183900000	5.000000000
 529	0.104350000	-2.233100000	5.000000000
 530	0.106050000	-2.259500000	5.000000000
 531	0.086450000	-2.221500000	5.000000000
 532	0.087700000	-2.226500000	5.000000000
 533	0.061850000	-2.203500000	5.000000000
 534	0.063900000	-2.224700000	5.000000000
 535	0.038200000	-2.185900000	5.000000000
 536	0.044900000	-2.211900000	5.000000000
 537	0.052100000	-2.196100000	5.000000000
 538	0.055200000	-2.212700000	5.000000000
 539	0.031400000	-2.174100000	5.000000000
 540	0.041700000	-2.186500000	5.000000000
 541	0.015750000	-2.176100000	5.000000000
 542	0.009350000	-2.217100000	5.000000000
 543	0.011550000	-2.199700000	5.000000000
 544	0.008650000	-2.200500000	5.000000000
 545	0.015350000	-2.197100000	5.000000000
 546	0.025450000	-2.188300000	5.000000000
 547	0.035450000	-2.213900000	5.000000000
 548	0.027300000	-2.246900000	5.000000000
 549	0.011400000	-2.195900000	5.000000000
 550	0.013300000	-2.216900000	5.000000000
 551	0.018900000	-2.238100000	5.000000000
 552	0.013100000	-2.251100000	5.000000000
 553	0.013400000	-2.262300000	5.000000000
 554	0.014100000	-2.248900000	5.000000000
 555	0.018300000	-2.242900000	5.000000000
 556	0.004150000	-2.217300000	5.000000000
 557	-0.003800000	-2.217500000	5.000000000
 558	0.000800000	-2.219100000	5.000000000
 559	-0.008050000	-2.206300000	5.000000000
 560	-0.007150000	-2.209300000	5.000000000
 561	-0.007600000	-2.180900000	5.000000000
 562	-0.020000000	-2.182700000	5.000000000
 563	-0.008550000	-2.209800000	5.000000000
 564	-0.004250000	-2.247200000	5.000000000
 565	0.015350000	-2.245600000	5.000000000
 566	0.020750000	-2.260800000	5.000000000
 567	0.011500000	-2.198400000	5.000000000
 568	0.018600000	-2.208600000	5.000000000
 569	0.027250000	-2.206200000	5.000000000
 570	0.049400000	-2.213800000	5.000000000
 571	0.031700000	-2.195200000	5.000000000
 572	0.033050000	-2.194400000	5.000000000
 573	0.035550000	-2.171200000	5.000000000
 574	0.029400000	-2.198800000	5.000000000
 575	0.023950000	-2.236600000	5.000000000
 576	0.018250000	-2.234000000	5.000000000
 577	0.023000000	-2.229000000	5.000000000
 578	0.015950000	-2.231600000	5.000000000
 579	0.022900000	-2.212800000	5.000000000
 580	0.032200000	-2.186200000	5.000000000
 581	0.016450000	-2.214800000	5.000000000
 582	0.040150000	-2.188600000	5.000000000
 583	0.057650000	-2.188200000	5.000000000
 584	0.059050000	-2.173000000	5.000000000
 585	0.043400000	-2.157600000	5.000000000
 586	0.031400000	-2.166200000	5.000000000
 587	0.037100000	-2.137000000	5.000000000
 588	0.033750000	-2.166800000	5.000000000
 589	0.030200000	-2.182000000	5.000000000
 590	0.031600000	-2.207800000	5.000000000
 591	0.043650000	-2.217400000	5.000000000
 592	0.047600000	-2.204200000	5.000000000
 593	0.046550000	-2.210600000	5.000000000
 594	0.020750000	-2.169200000	5.000000000
 595	0.015300000	-2.162800000	5.000000000
 596	0.021250000	-2.186200000	5.000000000
 597	0.025800000	-2.171600000	5.000000000
 598	0.023300000	-2.186200000	5.000000000
 599	0.020650000	-2.163800000	5.000000000
 600	0.027300000	-2.176400000	5.000000000
 601	0.044000000	-2.220200000	5.000000000
 602	0.050600000	-2.238000000	5.000000000
 603	0.063500000	-2.230800000	5.000000000
 604	0.069950000	-2.210200000	5.000000000
 605	0.079150000	-2.217600000	5.000000000
 606	0.075200000	-2.246400000	5.000000000
 607	0.079650000	-2.222400000	5.000000000
 608	0.086150000	-2.204400000	5.000000000
 609	0.061600000	-2.205400000	5.000000000
 610	0.050250000	-2.195400000	5.000000000
 611	0.045800000	-2.229400000	5.000000000
 612	0.052600000	-2.235000000	5.000000000
 613	0.046100000	-2.250800000	5.000000000
 614	0.046850000	-2.200200000	5.000000000
 615	0.047750000	-2.241800000	5.000000000
 616	0.061400000	-2.215800000	5.000000000
 617	0.047250000	-2.220400000	5.000000000
 618	0.038850000	-2.199600000	5.000000000
 619	0.050200000	-2.196600000	5.000000000
 620	0.043200000	-2.215400000	5.000000000
 621	0.035400000	-2.233400000	5.000000000
 622	0.042500000	-2.220600000	5.000000000
 623	0.034400000	-2.231800000	5.000000000
 624	0.033100000	-2.214200000	5.000000000
 625	0.022050000	-2.213600000	5.000000000
 626	0.012650000	-2.181000000	5.000000000
 627	0.007750000	-2.238800000	5.000000000
 628	0.016450000	-2.234000000	5.000000000
 629	0.005650000	-2.179400000	5.000000000
 630	0.001850000	-2.210200000	5.000000000
 631	0.021550000	-2.215400000	5.000000000
 632	0.007800000	-2.207400000	5.000000000
 633	0.007400000	-2.192400000	5.000000000
 634	0.018300000	-2.203200000	5.000000000
 635	0.031300000	-2.204600000	5.000000000
 636	0.032300000	-2.184200000	5.000000000
 637	0.044700000	-2.202400000	5.000000000
 638	0.044800000	-2.188400000	5.000000000
 639	0.026650000	-2.167400000	5.000000000
 640	0.010600000	-2.191200000	5.000000000
 641	0.001350000	-2.199000000	5.000000000
 642	0.012900000	-2.182400000	5.000000000
 643	0.014300000	-2.218800000	5.000000000
 644	0.000200000	-2.191800000	5.000000000
 645	-0.008400000	-2.231600000	5.000000000
 646	0.003200000	-2.209000000	5.000000000
 647	-0.008150000	-2.191200000	5.000000000
 648	-0.028000000	-2.239600000	5.000000000
 649	-0.026200000	-2.233600000	5.000000000
 650	-0.017950000	-2.198600000	5.000000000
 651	-0.008900000	-2.234200000	5.000000000
 652	-0.009350000	-2.225400000	5.000000000
 653	0.014450000	-2.220200000	5.000000000
 654	0.015050000	-2.191400000	5.000000000
 655	0.002800000	-2.201000000	5.000000000
 656	-0.005050000	-2.237400000	5.000000000
 657	-0.018000000	-2.166200000	5.000000000
 658	-0.019700000	-2.212200000	5.000000000
 659	-0.020500000	-2.187800000	5.000000000
 660	-0.015750000	-2.244400000	5.000000000
 661	-0.012650000	-2.286000000	5.000000000
 662	-0.021050000	-2.256800000	5.000000000
 663	-0.034450000	-2.245600000	5.000000000
 664	-0.031850000	-2.227400000	5.000000000
 665	-0.038650000	-2.195400000	5.000000000
 666	-0.047000000	-2.192200000	5.000000000
 667	-0.068350000	-2.234400000	5.000000000
 668	-0.057350000	-2.248000000	5.000000000
 669	-0.059400000	-2.249000000	5.000000000
 670	-0.079800000	-2.233800000	5.000000000
 671	-0.091450000	-2.256000000	5.000000000
 672	-0.093150000	-2.237000000	5.000000000
 673	-0.097700000	-2.180800000	5.000000000
 674	-0.096950000	-2.184800000	5.000000000
 675	-0.095150000	-2.224200000	5.000000000
 676	-0.074300000	-2.212800000	5.000000000
 677	-0.063000000	-2.196200000	5.000000000
 678	-0.052350000	-2.183000000	5.000000000
 679	-0.045150000	-2.183600000	5.000000000
 680	-0.035500000	-2.193800000	5.000000000
 681	-0.035600000	-2.201000000	5.000000000
 682	-0.033100000	-2.228400000	5.000000000
 683	-0.043900000	-2.198200000	5.000000000
 684	-0.050550000	-2.200000000	5.000000000
 685	-0.049500000	-2.202400000	5.000000000
 686	-0.061050000	-2.225800000	5.000000000
 687	-0.052000000	-2.211800000	5.000000000
 688	-0.053500000	-2.209800000	5.000000000
 689	-0.029900000	-2.157600000	5.000000000
 690	-0.035000000	-2.204600000	5.000000000
 691	-0.041600000	-2.192600000	5.000000000
 692	-0.029250000	-2.203200000	5.000000000
 693	-0.029650000	-2.203800000	5.000000000
 694	-0.032250000	-2.183800000	5.000000000
 695	-0.029150000	-2.183400000	5.000000000
 696	-0.035600000	-2.224400000	5.000000000
 697	-0.044400000	-2.229000000	5.000000000
 698	-0.041900000	-2.212800000	5.000000000
 699	-0.056100000	-2.211200000	5.000000000
 700	-0.041250000	-2.221800000	5.000000000
 701	-0.035350000	-2.197800000	5.000000000
 702	-0.042850000	-2.204800000	5.000000000
 703	-0.046850000	-2.218000000	5.000000000
 704	-0.053400000	-2.237200000	5.000000000
 705	-0.046850000	-2.190600000	5.000000000
 706	-0.031100000	-2.215600000	5.000000000
 707	-0.023450000	-2.209800000	5.000000000
 708	-0.058500000	-2.190400000	5.000000000
 709	-0.051900000	-2.202800000	5.000000000
 710	-0.052500000	-2.213600000	5.000000000
 711	-0.064750000	-2.245600000	5.000000000
 712	-0.056950000	-2.183800000	5.000000000
 713	-0.056250000	-2.211000000	5.000000000
 714	-0.059000000	-2.245400000	5.000000000
 715	-0.039200000	-2.254000000	5.000000000
 716	-0.046300000	-2.237200000	5.000000000
 717	-0.043450000	-2.215200000	5.000000000
 718	-0.030600000	-2.231200000	5.000000000
 719	-0.027300000	-2.225200000	5.000000000
 720	-0.009650000	-2.195200000	5.000000000
 721	-0.021550000	-2.201200000	5.000000000
 722	-0.031050000	-2.234000000	5.000000000
 723	-0.049150000	-2.247800000	5.000000000
 724	-0.019200000	-2.242000000	5.000000000
 725	-0.028350000	-2.241400000	5.000000000
 726	-0.033300000	-2.239000000	5.000000000
 727	-0.028650000	-2.264800000	5.000000000
 728	-0.041750000	-2.239600000	5.000000000
 729	-0.029800000	-2.243000000	5.000000000
 730	-0.015050000	-2.264400000	5.000000000
 731	-0.020450000	-2.234200000	5.000000000
 732	-0.022750000	-2.215600000	5.000000000
 733	-0.023700000	-2.187400000	5.000000000
 734	-0.013100000	-2.198800000	5.000000000
 735	-0.018250000	-2.192000000	5.000000000
 736	-0.012300000	-2.214800000	5.000000000
 737	-0.016450000	-2.207800000	5.000000000
 738	-0.011900000	-2.189800000	5.000000000
 739	-0.000550000	-2.187000000	5.000000000
 740	-0.000950000	-2.206600000	5.000000000
 741	0.005900000	-2.192600000	5.000000000
 742	0.019300000	-2.206800000	5.000000000
 743	0.033900000	-2.213200000	5.000000000
 744	0.027500000	-2.176000000	5.000000000
 745	0.031000000	-2.165800000	5.000000000
 746	0.014350000	-2.160600000	5.000000000
 747	0.011700000	-2.194800000	5.000000000
 748	0.019900000	-2.197600000	5.000000000
 749	0.033150000	-2.196200000	5.000000000
 750	0.030400000	-2.210000000	5.000000000
 751	0.024550000	-2.218600000	5.000000000
 752	0.034050000	-2.196200000	5.000000000
 753	0.010950000	-2.186800000	5.000000000
 754	0.003900000	-2.210000000	5.000000000
 755	0.010350000	-2.188000000	5.000000000
 756	0.004550000	-2.176600000	5.000000000
 757	0.011350000	-2.214000000	5.000000000
 758	0.017450000	-2.195400000	5.000000000
 759	0.022300000	-2.192400000	5.000000000
 760	0.028700000	-2.224600000	5.000000000
 761	0.044750000	-2.214200000	5.000000000
 762	0.032400000	-2.198200000	5.000000000
 763	0.035850000	-2.222400000	5.000000000
 764	0.038800000	-2.227200000	5.000000000
 765	0.040350000	-2.262400000	5.000000000
 766	0.068300000	-2.239800000	5.000000000
 767	0.075550000	-2.247200000	5.000000000
 768	0.097100000	-2.251800000	5.000000000
 769	0.101350000	-2.240600000	5.000000000
 770	0.102450000	-2.240800000	5.000000000
 771	0.106700000	-2.240000000	5.000000000
 772	0.103950000	-2.257400000	5.000000000
 773	0.097300000	-2.226000000	5.000000000
 774	0.091600000	-2.243200000	5.000000000
 775	0.092000000	-2.233000000	5.000000000
 776	0.084550000	-2.203800000	5.000000000
 777	0.090900000	-2.222400000	5.000000000
 778	0.080200000	-2.214800000	5.000000000
 779	0.063300000	-2.242800000	5.000000000
 780	0.055000000	-2.238200000	5.000000000
 781	0.061900000	-2.251400000	5.000000000
 782	0.058050000	-2.206600000	5.000000000
 783	0.061050000	-2.197600000	5.000000000
 784	0.074000000	-2.198000000	5.000000000
 785	0.076550000	-2.193200000	5.000000000
 786	0.090650000	-2.169800000	5.000000000
 787	0.094850000	-2.198600000	5.000000000
 788	0.075900000	-2.207200000	5.000000000
 789	0.069600000	-2.207400000	5.000000000
 790	0.070700000	-2.208000000	5.000000000
 791	0.071750000	-2.210000000	5.000000000
 792	0.067900000	-2.216600000	5.000000000
 793	0.069350000	-2.234000000	5.000000000
 794	0.073050000	-2.208400000	5.000000000
 795	0.064700000	-2.208400000	5.000000000
 796	0.050950000	-2.196400000	5.000000000
 797	0.051400000	-2.201400000	5.000000000
 798	0.037000000	-2.195000000	5.000000000
 799	0.029600000	-2.184200000	5.000000000
 800	0.038750000	-2.170200000	5.000000000
 801	0.061300000	-2.184600000	5.000000000
 802	0.070400000	-2.131800000	5.000000000
 803	0.068700000	-2.173200000	5.000000000
 804	0.077600000	-2.162600000	5.000000000
 805	0.080250000	-2.173600000	5.000000000
 806	0.080600000	-2.181400000	5.000000000
 807	0.071000000	-2.206000000	5.000000000
 808	0.059100000	-2.150200000	5.000000000
 809	0.061050000	-2.150000000	5.000000000
 810	0.049600000	-2.164800000	5.000000000
 811	0.024300000	-2.166200000	5.000000000
 812	0.004200000	-2.147200000	5.000000000
 813	-0.012400000	-2.176800000	5.000000000
 814	-0.003400000	-2.165200000	5.000000000
 815	0.003150000	-2.141800000	5.000000000
 816	0.010500000	-2.188400000	5.000000000
 817	0.008000000	-2.158200000	5.000000000
 818	-0.010200000	-2.171000000	5.000000000
 819	-0.010800000	-2.125000000	5.000000000
 820	-0.003750000	-2.156600000	5.000000000
 821	-0.006550000	-2.202200000	5.000000000
 822	-0.014900000	-2.200600000	5.000000000
 823	-0.018100000	-2.178800000	5.000000000
 824	-0.006150000	-2.211000000	5.000000000
 825	-0.018850000	-2.209400000	5.000000000
 826	0.013200000	-2.234800000	5.000000000
 827	0.016500000	-2.183800000	5.000000000
 828	0.007850000	-2.217000000	5.000000000
 829	0.010250000	-2.202600000	5.000000000
 830	0.014150000	-2.202000000	5.000000000
 831	-0.002150000	-2.184200000	5.000000000
 832	0.013250000	-2.179200000	5.000000000
 833	0.018900000	-2.217600000	5.000000000
 834	0.045650000	-2.248400000	5.000000000
 835	0.045150000	-2.233800000	5.000000000
 836	0.066400000	-2.234600000	5.000000000
 837	0.074200000	-2.205200000	5.000000000
 838	0.064500000	-2.205800000	5.000000000
 839	0.058350000	-2.211800000	5.000000000
 840	0.055000000	-2.235200000	5.000000000
 841	0.050100000	-2.253400000	5.000000000
 842	0.031000000	-2.224000000	5.000000000
 843	0.036450000	-2.233800000	5.000000000
 844	0.029500000	-2.214400000	5.000000000
 845	0.008150000	-2.213000000	5.000000000
 846	0.011350000	-2.246000000	5.000000000
 847	0.009700000	-2.180400000	5.000000000
 848	0.007800000	-2.201600000	5.000000000
 849	-0.001500000	-2.198400000	5.000000000
 850	-0.007700000	-2.176200000	5.000000000
 851	-0.010400000	-2.195200000	5.000000000
 852	0.012800000	-2.208200000	5.000000000
 853	-0.001300000	-2.179400000	5.000000000
 854	0.013400000	-2.172400000	5.000000000
 855	0.007800000	-2.178400000	5.000000000
 856	-0.010000000	-2.205800000	5.000000000
 857	-0.002650000	-2.234800000	5.000000000
 858	0.010200000	-2.237200000	5.000000000
 859	0.004850000	-2.200200000	5.000000000
 860	0.006600000	-2.180000000	5.000000000
 861	0.022900000	-2.180000000	5.000000000
 862	0.024050000	-2.170600000	5.000000000
 863	0.008050000	-2.168200000	5.000000000
 864	0.008350000	-2.162600000	5.000000000
 865	0.009600000	-2.199400000	5.000000000
 866	0.021600000	-2.198000000	5.000000000
 867	0.004250000	-2.192800000	5.000000000
 868	0.021650000	-2.190400000	5.000000000
 869	0.014600000	-2.211200000	5.000000000
 870	0.011900000	-2.220800000	5.000000000
 871	0.015850000	-2.256800000	5.000000000
 872	0.001450000	-2.234000000	5.000000000
 873	0.006350000	-2.244000000	5.000000000
 874	-0.004400000	-2.242000000	5.000000000
 875	-0.000650000	-2.221800000	5.000000000
 876	0.015750000	-2.217800000	5.000000000
 877	0.007400000	-2.252200000	5.000000000
 878	0.016100000	-2.262000000	5.000000000
 879	0.008850000	-2.266200000	5.000000000
 880	0.011950000	-2.215400000	5.000000000
 881	-0.007350000	-2.251000000	5.000000000
 882	-0.015450000	-2.202200000	5.000000000
 883	-0.023050000	-2.204200000	5.000000000
 884	-0.037000000	-2.214600000	5.000000000
 885	-0.044950000	-2.225400000	5.000000000
 886	-0.037550000	-2.211800000	5.000000000
 887	-0.030200000	-2.221600000	5.000000000
 888	-0.044950000	-2.248600000	5.000000000
 889	-0.048150000	-2.247200000	5.000000000
 890	-0.059100000	-2.221200000	5.000000000
 891	-0.052450000	-2.264400000	5.000000000
 892	-0.048850000	-2.233000000	5.000000000
 893	-0.038400000	-2.231600000	5.000000000
 894	-0.033850000	-2.240400000	5.000000000
 895	-0.034800000	-2.179600000	5.000000000
 896	-0.049650000	-2.171600000	5.000000000
 897	-0.060700000	-2.144800000	5.000000000
 898	-0.060050000	-2.158600000	5.000000000
 899	-0.053500000	-2.189400000	5.000000000
 900	-0.077100000	-2.197600000	5.000000000
 901	-0.076650000	-2.217400000	5.000000000
 902	-0.067650000	-2.204600000	5.000000000
 903	-0.063600000	-2.213400000	5.000000000
 904	-0.062800000	-2.200200000	5.000000000
 905	-0.062850000	-2.207600000	5.000000000
 906	-0.055650000	-2.195600000	5.000000000
 907	-0.050100000	-2.252800000	5.000000000
 908	-0.050300000	-2.248600000	5.000000000
 909	-0.034650000	-2.249400000	5.000000000
 910	-0.029950000	-2.207000000	5.000000000
 911	-0.018700000	-2.213600000	5.000000000
 912	-0.015850000	-2.246000000	5.000000000
 913	-0.027750000	-2.216000000	5.000000000
 914	-0.021200000	-2.219200000	5.000000000
 915	-0.017800000	-2.213600000	5.000000000
 916	-0.004900000	-2.210800000	5.000000000
 917	-0.003900000	-2.211800000	5.000000000
 918	-0.004450000	-2.203800000	5.000000000
 919	0.005850000	-2.243400000	5.000000000
 920	0.021000000	-2.209400000	5.000000000
 921	0.004450000	-2.205800000	5.000000000
 922	0.008150000	-2.236000000	5.000000000
 923	0.007800000	-2.218400000	5.000000000
 924	0.006700000	-2.205200000	5.000000000
 925	-0.017100000	-2.212200000	5.000000000
 926	-0.010550000	-2.241000000	5.000000000
 927	-0.022650000	-2.242200000	5.000000000
 928	-0.012600000	-2.214000000	5.000000000
 929	-0.009650000	-2.223600000	5.000000000
 930	-0.016350000	-2.220000000	5.000000000
 931	-0.032850000	-2.223400000	5.000000000
 932	-0.029250000	-2.215800000	5.000000000
 933	-0.059050000	-2.278800000	5.000000000
 934	-0.052950000	-2.252400000	5.000000000
 935	-0.044550000	-2.277400000	5.000000000
 936	-0.058800000	-2.253200000	5.000000000
 937	-0.055500000	-2.250400000	5.000000000
 938	-0.060350000	-2.248200000	5.000000000
 939	-0.063250000	-2.264400000	5.000000000
 940	-0.049200000	-2.247200000	5.000000000
 941	-0.036350000	-2.282200000	5.000000000
 942	-0.022700000	-2.211000000	5.000000000
 943	-0.023000000	-2.210800000	5.000000000
 944	-0.047200000	-2.230400000	5.000000000
 945	-0.065750000	-2.219800000	5.000000000
 946	-0.052500000	-2.237000000	5.000000000
 947	-0.070800000	-2.258000000	5.000000000
 948	-0.056450000	-2.244200000	5.000000000
 949	-0.067900000	-2.264200000	5.000000000
 950	-0.064100000	-2.272200000	5.000000000
 951	-0.035900000	-2.209800000	5.000000000
 952	-0.032400000	-2.189800000	5.000000000
 953	-0.030450000	-2.199200000	5.000000000
 954	-0.035300000	-2.197800000	5.000000000
 955	-0.022600000	-2.218400000	5.000000000
 956	-0.015700000	-2.198400000	5.000000000
 957	0.006950000	-2.196200000	5.000000000
 958	-0.011400000	-2.209800000	5.000000000
 959	-0.008250000	-2.218800000	5.000000000
 960	-0.000200000	-2.227200000	5.000000000
 961	0.012650000	-2.240200000	5.000000000
 962	0.015600000	-2.266200000	5.000000000
 963	0.015550000	-2.232400000	5.000000000
 964	0.014300000	-2.218000000	5.000000000
 965	0.021750000	-2.171800000	5.000000000
 966	0.035750000	-2.186400000	5.000000000
 967	0.055900000	-2.196800000	5.000000000
 968	0.063700000	-2.214400000	5.000000000
 969	0.084050000	-2.186800000	5.000000000
 970	0.101950000	-2.192200000	5.000000000
 971	0.099550000	-2.250200000	5.000000000
 972	0.084750000	-2.221200000	5.000000000
 973	0.075500000	-2.189800000	5.000000000
 974	0.067100000	-2.231800000	5.000000000
 975	0.073450000	-2.205200000	5.000000000
 976	0.062350000	-2.185200000	5.000000000
 977	0.068300000	-2.195800000	5.000000000
 978	0.057000000	-2.197200000	5.000000000
 979	0.045200000	-2.212200000	5.000000000
 980	0.056850000	-2.203800000	5.000000000
 981	0.038850000	-2.216200000	5.000000000
 982	0.055500000	-2.227400000	5.000000000
 983	0.076100000	-2.230200000	5.000000000
 984	0.065100000	-2.189000000	5.000000000
 985	0.042850000	-2.223600000	5.000000000
 986	0.044750000	-2.203400000	5.000000000
 987	0.050200000	-2.180800000	5.000000000
 988	0.047900000	-2.195200000	5.000000000
 989	0.040200000	-2.137200000	5.000000000
 990	0.050800000	-2.155800000	5.000000000
 991	0.064050000	-2.154800000	5.000000000
 992	0.061750000	-2.156800000	5.000000000
 993	0.050600000	-2.185800000	5.000000000
 994	0.052400000	-2.211400000	5.000000000
 995	0.055000000	-2.172600000	5.000000000
 996	0.059150000	-2.189200000	5.000000000
 997	0.073000000	-2.213600000	5.000000000
 998	0.084650000	-2.227400000	5.000000000
 999	0.094600000	-2.259200000	5.000000000
